Bibtex Key,Aesthetic Tag,Approach,Evaluation Criterion,Graph Type,Paper TItle,Participants,Statistical Evaluation,Statistically Significant,Task,Task Group,Task Type,|E|,|G|,|N|
purchase_effective_2000,Edge Crossings,Quantitative,Task Time,Node-Link,Effective information visualisation: a study of graph drawing aesthetics and algorithms,55,Yes,Yes,How long is the shortest path between two given nodes?,Topology,Find Shortest Path,28,1,16
purchase_effective_2000,Edge Crossings,Quantitative,Error Rate,Node-Link,Effective information visualisation: a study of graph drawing aesthetics and algorithms,55,Yes,Yes,How long is the shortest path between two given nodes?,Topology,Find Shortest Path,28,1,16
purchase_effective_2000,Edge Bends,Quantitative,Task Time,Node-Link,Effective information visualisation: a study of graph drawing aesthetics and algorithms,55,Yes,No,How long is the shortest path between two given nodes?,Topology,Find Shortest Path,28,1,16
purchase_effective_2000,Edge Bends,Quantitative,Error Rate,Node-Link,Effective information visualisation: a study of graph drawing aesthetics and algorithms,55,Yes,Yes,How long is the shortest path between two given nodes?,Topology,Find Shortest Path,28,1,16
purchase_effective_2000,Angular Resolution,Quantitative,Task Time,Node-Link,Effective information visualisation: a study of graph drawing aesthetics and algorithms,55,Yes,No,How long is the shortest path between two given nodes?,Topology,Find Shortest Path,28,1,16
purchase_effective_2000,Angular Resolution,Quantitative,Error Rate,Node-Link,Effective information visualisation: a study of graph drawing aesthetics and algorithms,55,Yes,No,How long is the shortest path between two given nodes?,Topology,Find Shortest Path,28,1,16
purchase_effective_2000,"Edge Orthogonality, Node Orthogonality",Quantitative,Task Time,Node-Link,Effective information visualisation: a study of graph drawing aesthetics and algorithms,55,Yes,No,How long is the shortest path between two given nodes?,Topology,Find Shortest Path,28,1,16
purchase_effective_2000,"Edge Orthogonality, Node Orthogonality",Quantitative,Error Rate,Node-Link,Effective information visualisation: a study of graph drawing aesthetics and algorithms,55,Yes,No,How long is the shortest path between two given nodes?,Topology,Find Shortest Path,28,1,16
purchase_effective_2000,Symmetry,Quantitative,Task Time,Node-Link,Effective information visualisation: a study of graph drawing aesthetics and algorithms,55,Yes,Yes,How long is the shortest path between two given nodes?,Topology,Find Shortest Path,28,1,16
purchase_effective_2000,Symmetry,Quantitative,Error Rate,Node-Link,Effective information visualisation: a study of graph drawing aesthetics and algorithms,55,Yes,No,How long is the shortest path between two given nodes?,Topology,Find Shortest Path,28,1,16
purchase_effective_2000,Edge Crossings,Quantitative,Task Time,Node-Link,Effective information visualisation: a study of graph drawing aesthetics and algorithms,55,Yes,Yes,What is the minimum number of nodes that must be removed in order to disconnect two given nodes such that there is no path between them?,Topology,Find Bridges,28,1,16
purchase_effective_2000,Edge Crossings,Quantitative,Task Time,Node-Link,Effective information visualisation: a study of graph drawing aesthetics and algorithms,55,Yes,Yes,What is the minimum number of edges that must be removed in order to disconnect two given nodes such that there is no path between them?,Topology,Find Connected Components,28,1,16
purchase_effective_2000,Edge Crossings,Quantitative,Error Rate,Node-Link,Effective information visualisation: a study of graph drawing aesthetics and algorithms,55,Yes,Yes,What is the minimum number of nodes that must be removed in order to disconnect two given nodes such that there is no path between them?,Topology,Find Bridges,28,1,16
purchase_effective_2000,Edge Crossings,Quantitative,Error Rate,Node-Link,Effective information visualisation: a study of graph drawing aesthetics and algorithms,55,Yes,Yes,What is the minimum number of edges that must be removed in order to disconnect two given nodes such that there is no path between them?,Topology,Find Connected Components,28,1,16
purchase_effective_2000,Edge Bends,Quantitative,Task Time,Node-Link,Effective information visualisation: a study of graph drawing aesthetics and algorithms,55,Yes,No,What is the minimum number of nodes that must be removed in order to disconnect two given nodes such that there is no path between them?,Topology,Find Bridges,28,1,16
purchase_effective_2000,Edge Bends,Quantitative,Task Time,Node-Link,Effective information visualisation: a study of graph drawing aesthetics and algorithms,55,Yes,No,What is the minimum number of edges that must be removed in order to disconnect two given nodes such that there is no path between them?,Topology,Find Connected Components,28,1,16
purchase_effective_2000,Edge Bends,Quantitative,Error Rate,Node-Link,Effective information visualisation: a study of graph drawing aesthetics and algorithms,55,Yes,Yes,What is the minimum number of nodes that must be removed in order to disconnect two given nodes such that there is no path between them?,Topology,Find Bridges,28,1,16
purchase_effective_2000,Edge Bends,Quantitative,Error Rate,Node-Link,Effective information visualisation: a study of graph drawing aesthetics and algorithms,55,Yes,Yes,What is the minimum number of edges that must be removed in order to disconnect two given nodes such that there is no path between them?,Topology,Find Connected Components,28,1,16
purchase_effective_2000,Angular Resolution,Quantitative,Task Time,Node-Link,Effective information visualisation: a study of graph drawing aesthetics and algorithms,55,Yes,No,What is the minimum number of nodes that must be removed in order to disconnect two given nodes such that there is no path between them?,Topology,Find Bridges,28,1,16
purchase_effective_2000,Angular Resolution,Quantitative,Task Time,Node-Link,Effective information visualisation: a study of graph drawing aesthetics and algorithms,55,Yes,No,What is the minimum number of edges that must be removed in order to disconnect two given nodes such that there is no path between them?,Topology,Find Connected Components,28,1,16
purchase_effective_2000,Angular Resolution,Quantitative,Error Rate,Node-Link,Effective information visualisation: a study of graph drawing aesthetics and algorithms,55,Yes,No,What is the minimum number of nodes that must be removed in order to disconnect two given nodes such that there is no path between them?,Topology,Find Bridges,28,1,16
purchase_effective_2000,Angular Resolution,Quantitative,Error Rate,Node-Link,Effective information visualisation: a study of graph drawing aesthetics and algorithms,55,Yes,No,What is the minimum number of edges that must be removed in order to disconnect two given nodes such that there is no path between them?,Topology,Find Connected Components,28,1,16
purchase_effective_2000,"Edge Orthogonality, Node Orthogonality",Quantitative,Task Time,Node-Link,Effective information visualisation: a study of graph drawing aesthetics and algorithms,55,Yes,No,What is the minimum number of nodes that must be removed in order to disconnect two given nodes such that there is no path between them?,Topology,Find Bridges,28,1,16
purchase_effective_2000,"Edge Orthogonality, Node Orthogonality",Quantitative,Task Time,Node-Link,Effective information visualisation: a study of graph drawing aesthetics and algorithms,55,Yes,No,What is the minimum number of edges that must be removed in order to disconnect two given nodes such that there is no path between them?,Topology,Find Connected Components,28,1,16
purchase_effective_2000,"Edge Orthogonality, Node Orthogonality",Quantitative,Error Rate,Node-Link,Effective information visualisation: a study of graph drawing aesthetics and algorithms,55,Yes,No,What is the minimum number of nodes that must be removed in order to disconnect two given nodes such that there is no path between them?,Topology,Find Bridges,28,1,16
purchase_effective_2000,"Edge Orthogonality, Node Orthogonality",Quantitative,Error Rate,Node-Link,Effective information visualisation: a study of graph drawing aesthetics and algorithms,55,Yes,No,What is the minimum number of edges that must be removed in order to disconnect two given nodes such that there is no path between them?,Topology,Find Connected Components,28,1,16
purchase_effective_2000,Symmetry,Quantitative,Task Time,Node-Link,Effective information visualisation: a study of graph drawing aesthetics and algorithms,55,Yes,Yes,What is the minimum number of nodes that must be removed in order to disconnect two given nodes such that there is no path between them?,Topology,Find Bridges,28,1,16
purchase_effective_2000,Symmetry,Quantitative,Task Time,Node-Link,Effective information visualisation: a study of graph drawing aesthetics and algorithms,55,Yes,Yes,What is the minimum number of edges that must be removed in order to disconnect two given nodes such that there is no path between them?,Topology,Find Connected Components,28,1,16
purchase_effective_2000,Symmetry,Quantitative,Error Rate,Node-Link,Effective information visualisation: a study of graph drawing aesthetics and algorithms,55,Yes,No,What is the minimum number of nodes that must be removed in order to disconnect two given nodes such that there is no path between them?,Topology,Find Bridges,28,1,16
purchase_effective_2000,Symmetry,Quantitative,Error Rate,Node-Link,Effective information visualisation: a study of graph drawing aesthetics and algorithms,55,Yes,No,What is the minimum number of edges that must be removed in order to disconnect two given nodes such that there is no path between them?,Topology,Find Connected Components,28,1,16
huang_larger_2014,Crossing Resolution,Quantitative,Task Time,Node-Link,Larger crossing angles make graphs easier to read,22,Yes,Yes,,Topology,Find Shortest Path,,16,
huang_larger_2014,Crossing Resolution,Quantitative,Task Accuracy,Node-Link,Larger crossing angles make graphs easier to read,37,Yes,Yes,,Topology,Find Shortest Path,,16,
huang_larger_2014,Crossing Resolution,Quantitative,Task Time,Node-Link,Larger crossing angles make graphs easier to read,37,Yes,Yes,,Topology,Find Shortest Path,,16,
ehlers_improving_2023,"Edge Crossings, Number of Visual Elements",Quantitative,Task Accuracy,Node-Link,"Improving readability of static, straight-line graph drawings: A first look at edge crossing resolution through iterative vertex splitting",52,Yes,Yes,"Vertex Adjacency, i.e., identifying which vertices are adjacent to some given vertex.",Topology,Adjacency,,3,10
ehlers_improving_2023,"Edge Crossings, Number of Visual Elements",Quantitative,Task Accuracy,Node-Link,"Improving readability of static, straight-line graph drawings: A first look at edge crossing resolution through iterative vertex splitting",52,Yes,No,"Common Connections, i.e., identifying the set of vertices adjacent to two given vertices.",Topology,Common Connection,,3,10
ehlers_improving_2023,"Edge Crossings, Number of Visual Elements",Quantitative,Task Accuracy,Node-Link,"Improving readability of static, straight-line graph drawings: A first look at edge crossing resolution through iterative vertex splitting",5,Yes,Yes,"Path tracing, i.e., identifying which of a set of paths is indeed possible in the given graph drawing.",Browsing,Follow Path,,3,10
ehlers_improving_2023,"Edge Crossings, Number of Visual Elements",Quantitative,Task Time,Node-Link,"Improving readability of static, straight-line graph drawings: A first look at edge crossing resolution through iterative vertex splitting",52,Yes,No,"Vertex Adjacency, i.e., identifying which vertices are adjacent to some given vertex.",Topology,Adjacency,,3,10
ehlers_improving_2023,"Edge Crossings, Number of Visual Elements",Quantitative,Task Time,Node-Link,"Improving readability of static, straight-line graph drawings: A first look at edge crossing resolution through iterative vertex splitting",52,Yes,Yes,"Common Connections, i.e., identifying the set of vertices adjacent to two given vertices.",Topology,Common Connection,,3,10
ehlers_improving_2023,"Edge Crossings, Number of Visual Elements",Quantitative,Task Time,Node-Link,"Improving readability of static, straight-line graph drawings: A first look at edge crossing resolution through iterative vertex splitting",5,Yes,Yes,"Path tracing, i.e., identifying which of a set of paths is indeed possible in the given graph drawing.",Browsing,Follow Path,,3,10
archambault_mental_2013,Layout Stability,Quantitative,Task Time,Node-Link,Mental Map Preservation Helps User Orientation in Dynamic Graphs,28,Yes,Yes,The first task tests the ability of participants to revisit a particular node in the dynamic graph sequence.,Browsing,Revisit,,2,
archambault_mental_2013,Layout Stability,Quantitative,Task Time,Node-Link,Mental Map Preservation Helps User Orientation in Dynamic Graphs,28,Yes,Yes,The second task tests the ability of participants to follow a path through the evolving graph.,Browsing,Follow Path,,2,
archambault_mental_2013,Layout Stability,Quantitative,Error Rate,Node-Link,Mental Map Preservation Helps User Orientation in Dynamic Graphs,28,Yes,Yes,The first task tests the ability of participants to revisit a particular node in the dynamic graph sequence.,Browsing,Revisit,,2,
archambault_mental_2013,Layout Stability,Quantitative,Error Rate,Node-Link,Mental Map Preservation Helps User Orientation in Dynamic Graphs,28,Yes,Yes,The second task tests the ability of participants to follow a path through the evolving graph.,Browsing,Follow Path,,2,
purchase_usability_2013,Bend Resolution,Quantitative,Error Rate,Node-Link,On the Usability of Lombardi Graph Drawings,69,Yes,Yes,How long is the shortest path between two highlighted nodes?,Topology,Find Shortest Path,,8,
purchase_usability_2013,Bend Resolution,Quantitative,Error Rate,Node-Link,On the Usability of Lombardi Graph Drawings,69,Yes,Yes,How many common neighbors do the two highlighted nodes have?,Topology,Common Connection,,8,
purchase_usability_2013,Bend Resolution,Quantitative,Error Rate,Node-Link,On the Usability of Lombardi Graph Drawings,69,Yes,Yes,Which of the three highlighted nodes has the highest degree?,Topology,Adjacency,,8,
purchase_usability_2013,Bend Resolution,Quantitative,Task Time,Node-Link,On the Usability of Lombardi Graph Drawings,69,Yes,Yes,How long is the shortest path between two highlighted nodes?,Topology,Find Shortest Path,,8,
purchase_usability_2013,Bend Resolution,Quantitative,Task Time,Node-Link,On the Usability of Lombardi Graph Drawings,69,Yes,Yes,How many common neighbors do the two highlighted nodes have?,Topology,Common Connection,,8,
purchase_usability_2013,Bend Resolution,Quantitative,Task Time,Node-Link,On the Usability of Lombardi Graph Drawings,69,Yes,Yes,Which of the three highlighted nodes has the highest degree?,Topology,Adjacency,,8,
purchase_usability_2013,Bend Resolution,Quantitative,Preference,Node-Link,On the Usability of Lombardi Graph Drawings,69,Yes,No,How long is the shortest path between two highlighted nodes?,Topology,Find Shortest Path,,8,
purchase_usability_2013,Bend Resolution,Quantitative,Preference,Node-Link,On the Usability of Lombardi Graph Drawings,69,Yes,No,How many common neighbors do the two highlighted nodes have?,Topology,Common Connection,,8,
purchase_usability_2013,Bend Resolution,Quantitative,Preference,Node-Link,On the Usability of Lombardi Graph Drawings,69,Yes,No,Which of the three highlighted nodes has the highest degree?,Topology,Adjacency,,8,
kindermann_experimental_2018,Number of Visual Elements,Quantitative,Error Rate,Node-Link,Experimental Analysis of the Accessibility of Drawings with Few Segments,41,Yes,Yes,,Topology,Find Shortest Path,,4,
kindermann_experimental_2018,Number of Visual Elements,Quantitative,Error Rate,Node-Link,Experimental Analysis of the Accessibility of Drawings with Few Segments,42,Yes,Yes,,Topology,Find Shortest Path,,5,
kindermann_experimental_2018,Number of Visual Elements,Quantitative,Task Time,Node-Link,Experimental Analysis of the Accessibility of Drawings with Few Segments,41,Yes,No,,Topology,Find Shortest Path,,4,
kindermann_experimental_2018,Number of Visual Elements,Quantitative,Task Time,Node-Link,Experimental Analysis of the Accessibility of Drawings with Few Segments,42,Yes,No,,Topology,Find Shortest Path,,5,
kobourov_are_2014,Edge Crossings,Quantitative,Task Accuracy,Node-Link,Are Crossings Important for Drawing Large Graphs?,19,Yes,Yes,How many edges are in the shortest path between two given nodes?,Topology,Find Shortest Path,,2,40-120
burch_evaluating_2012,"Edge Crossings, Edge Length",Quantitative,Error Rate,Node-Link,Evaluating Partially Drawn Links for Directed Graph Edges,42,No,No,Is it possible to go from the node highlighted in green to the node highlighted in red by taking exactly one step?,Topology,Adjacency,,3,20-60
purchase_how_2007,Layout Stability,Quantitative,Task Time,Node-Link,How Important Is the “Mental Map”? – An Empirical Investigation of a Dynamic Graph Layout Algorithm,20,Yes,No,How many new links were added to the site over the years?,Topology,Adjacency,15-30,3,14-20
huang_layout_2006,Edge Crossings,Quantitative,Task Time,Node-Link,Layout Effects on Sociogram Perception,23,No,No,Find 3 most important actors and rate them according to their importance levels,Overview,Overview,23,2,14
purchase_validating_1996,Edge Bends,Quantitative,Error Rate,Node-Link,Validating graph drawing aesthetics,,Yes,Yes,How long is the shortest path between two given nodes?,Topology,Find Shortest Path,18-28,2,16
didimo_visualization_2018,,,,,A Visualization Framework and User Studies for Overloaded Orthogonal Drawings,,No,No,,,,,,
kypridemou_effect_2022,Edge Crossings,Quantitative,Error Rate,Node-Link,The Effect of Graph Layout on the Perception of Graph Density: An Empirical Study,16,Yes,Yes,Is the presented graph dense?,Overview,Overview,16-20,2,16
huang_graph_2009,Edge Flow,Quantitative,Error Rate,Node-Link,A graph reading behavior: Geodesic-path tendency,33,Yes,Yes,"In our experiments, the task of finding a shortest path between
two nodes is adopted.",Topology,Find Shortest Path,,,
wallner_influence_2020,Edge Crossings,Quantitative,Error Rate,Node-Link,"Influence of Shape, Density, and Edge Crossings on the Perception of Graph Differences",40,No,No,Are two graphs the same or not?,Overview,Overview,,16,40-100
huang_evaluating_2016,"Angular Resolution, Crossing Resolution, Edge Crossings, Edge Length",Quantitative,Error Rate,Node-Link,Evaluating Overall Quality of Dynamic Network Visualizations,,Yes,Yes,Path Finding Task,Topology,Find Shortest Path,,,15-50
storrle_impact_2014,Number of Visual Elements,Quantitative,Task Accuracy,Node-Link,On the Impact of Layout Quality to Understanding UML Diagrams: Size Matters,78,Yes,Yes,,,,,,
huang_establishing_2013,Edge Crossings,Quantitative,Error Rate,Node-Link,Establishing aesthetics based on human graph reading behavior: two eye tracking studies,13,Yes,Yes,What is the separation level between the two highlighted families?,Topology,Find Shortest Path,13-15,3,9-22
purchase_extremes_2008,Layout Stability,Quantitative,Task Time,Node-Link,Extremes Are Better: Investigating Mental Map Preservation in Dynamic Graphs,30,Yes,Yes,"Which student was called the least (overall) during the 6 week term? This is the node with the lowest overall degree over all timeslices, excluding those students who were not called at all.",Topology,Adjacency,30,3,20
purchase_empirical_2002,Edge Bends,Quantitative,Error Rate,Node-Link,Empirical Evaluation of Aesthetics-based Graph Layout,,Yes,Yes,How long is the shortest path between two given nodes?,Topology,Find Shortest Path,,,
ware_cognitive_2002,Crossing Resolution,Quantitative,Task Time,Node-Link,Cognitive Measurements of Graph Aesthetics,43,Yes,No,Find the shortest path between the two highlighted nodes.,Topology,Find Shortest Path,,,
dwyer_edge_2013,Edge Crossings,Quantitative,Task Accuracy,Node-Link,Edge Compression Techniques for Visualization of Dense Directed Graphs,14,Yes,Yes,Participants had to count the smallest number of links to go from a node labeled “Start” to a node labeled “End”. Path length varied up to 4 links. In some cases no path existed,Topology,Find Shortest Path,,3,
binucci_partial_2016,Edge Crossings,Quantitative,Task Accuracy,Node-Link,Partial edge drawing: Homogeneity is more important than crossings and ink,34,Yes,Yes,Are the green vertex and the red vertex connected by an edge?,Topology,Accessibility,,,
archambault_mental_2012,Layout Stability,Quantitative,Task Time,Node-Link,The mental map and memorability in dynamic graphs,25,Yes,No,Is this graph exactly the same as one of the graphs presented in the memorization phase?,Overview,Overview,,3,
xu_user_2012,Edge Bends,Quantitative,Task Time,Node-Link,A User Study on Curved Edges in Graph Visualization,,Yes,No,Path of length two (PATH): to decide if there is a path of length two connecting the two randomly selected nodes (same as the first experiment).,Topology,Find Shortest Path,,10,20-100
sathiyanarayanan_social_2017,Edge Crossings,Quantitative,Error Rate,Node-Link,Social network visualization: Does partial edges affect user comprehension?,20,Yes,No,How many people interested in COMPUTERS are directly connected to someone who is not interested in COMPUTERS?,Topology,Common Connection,,,
huang_effects_2016,Edge Bends,Quantitative,Task Time,Node-Link,Effects of curves on graph perception,26,Yes,No,ShortestPath: what is the length of the shortest path between two highlighted nodes?,Topology,Find Shortest Path,,4,20-50
huang_improving_2010,"Angular Resolution, Crossing Resolution, Edge Crossings, Edge Length",Quantitative,Task Accuracy,Node-Link,Improving Force-Directed Graph Drawings by Making Compromises Between Aesthetics,43,Yes,No,,Topology,Find Shortest Path,,,
huang_using_2007,Crossing Resolution,Quantitative,Error Rate,Node-Link,Using eye tracking to investigate graph layout effects,16,No,No,Path task: find the shortest path between nodes 1 and 2. Nodes 1 and 2 were highlighted.,Topology,Find Shortest Path,32-43,2,20-32
huang_effects_2008,Crossing Resolution,Quantitative,Task Time,Node-Link,Effects of Crossing Angles,22,Yes,Yes,,Topology,Find Shortest Path,,16,
purchase_experimental_1997,Edge Bends,Quantitative,Error Rate,Node-Link,An experimental study of the basis for graph drawing algorithms,49,Yes,Yes,How long is the shortest path between two given nodes?,Topology,Find Shortest Path,21-32,2,20
huang_exploring_2010,Edge Crossings,Quantitative,Task Time,Node-Link,Exploring the relative importance of crossing number and crossing angle,32,Yes,Yes,,Topology,Find Shortest Path,,200,10-50
kobourov_are_2014,Edge Crossings,Quantitative,Task Time,Node-Link,Are Crossings Important for Drawing Large Graphs?,19,Yes,Yes,How many edges are in the shortest path between two given nodes?,Topology,Find Shortest Path,,2,40-120
kobourov_are_2014,Edge Crossings,Quantitative,Task Accuracy,Node-Link,Are Crossings Important for Drawing Large Graphs?,19,Yes,Yes,What is the node with the highest degree?,Topology,Adjacency,,2,40-120
kobourov_are_2014,Edge Crossings,Quantitative,Task Time,Node-Link,Are Crossings Important for Drawing Large Graphs?,19,Yes,Yes,What is the node with the highest degree?,Topology,Adjacency,,2,40-120
kobourov_are_2014,Edge Crossings,Quantitative,Task Accuracy,Node-Link,Are Crossings Important for Drawing Large Graphs?,19,Yes,Yes,What nodes are all adjacent to the given node?,Topology,Adjacency,,2,40-120
kobourov_are_2014,Edge Crossings,Quantitative,Task Time,Node-Link,Are Crossings Important for Drawing Large Graphs?,19,Yes,Yes,What nodes are all adjacent to the given node?,Topology,Adjacency,,2,40-120
kobourov_are_2014,Edge Crossings,Quantitative,Task Accuracy,Node-Link,Are Crossings Important for Drawing Large Graphs?,19,Yes,Yes,Which of the following nodes are adjacent to both given nodes?,Topology,Common Connection,,2,40-120
kobourov_are_2014,Edge Crossings,Quantitative,Task Time,Node-Link,Are Crossings Important for Drawing Large Graphs?,19,Yes,Yes,Which of the following nodes are adjacent to both given nodes?,Topology,Common Connection,,2,40-120
burch_evaluating_2012,"Edge Crossings, Edge Length",Quantitative,Task Time,Node-Link,Evaluating Partially Drawn Links for Directed Graph Edges,42,No,No,Is it possible to go from the node highlighted in green to the node highlighted in red by taking exactly one step?,Topology,Adjacency,,3,20-60
burch_evaluating_2012,"Edge Crossings, Edge Length",Quantitative,Error Rate,Node-Link,Evaluating Partially Drawn Links for Directed Graph Edges,42,No,No,"Is it possible to from the node highlighted in green to the node highlighted in red by taking exactly two steps? ",Topology,Find Shortest Path,,3,20-60
burch_evaluating_2012,"Edge Crossings, Edge Length",Quantitative,Task Time,Node-Link,Evaluating Partially Drawn Links for Directed Graph Edges,42,No,No,"Is it possible to from the node highlighted in green to the node highlighted in red by taking exactly two steps? ",Topology,Find Shortest Path,,3,20-60
burch_evaluating_2012,"Edge Crossings, Edge Length",Quantitative,Error Rate,Node-Link,Evaluating Partially Drawn Links for Directed Graph Edges,42,No,No,"Which node has the highest number of outgoing edges? ",Topology,Adjacency,,3,20-60
burch_evaluating_2012,"Edge Crossings, Edge Length",Quantitative,Task Time,Node-Link,Evaluating Partially Drawn Links for Directed Graph Edges,42,No,No,"Which node has the highest number of outgoing edges? ",Topology,Adjacency,,3,20-60
purchase_how_2007,Layout Stability,Quantitative,Error Rate,Node-Link,How Important Is the “Mental Map”? – An Empirical Investigation of a Dynamic Graph Layout Algorithm,20,Yes,No,How many new links were added to the site over the years?,Topology,Adjacency,15-30,3,14-20
purchase_how_2007,Layout Stability,Quantitative,Task Time,Node-Link,How Important Is the “Mental Map”? – An Empirical Investigation of a Dynamic Graph Layout Algorithm,20,Yes,No,Which page has been changed the most over the years?,Topology,Adjacency,15-30,3,14-20
purchase_how_2007,Layout Stability,Quantitative,Error Rate,Node-Link,How Important Is the “Mental Map”? – An Empirical Investigation of a Dynamic Graph Layout Algorithm,20,Yes,No,Which page has been changed the most over the years?,Topology,Adjacency,15-30,3,14-20
purchase_how_2007,Layout Stability,Quantitative,Task Time,Node-Link,How Important Is the “Mental Map”? – An Empirical Investigation of a Dynamic Graph Layout Algorithm,20,Yes,No,In which year did the site reduce in size by a quarter?,Overview,Overview,15-30,3,14-20
purchase_how_2007,Layout Stability,Quantitative,Error Rate,Node-Link,How Important Is the “Mental Map”? – An Empirical Investigation of a Dynamic Graph Layout Algorithm,20,Yes,No,In which year did the site reduce in size by a quarter?,Overview,Overview,15-30,3,14-20
purchase_how_2007,Layout Stability,Quantitative,Task Time,Node-Link,How Important Is the “Mental Map”? – An Empirical Investigation of a Dynamic Graph Layout Algorithm,20,Yes,No,In which year did [page name] become accessible through only one other page?,Topology,Accessibility,15-30,3,14-20
purchase_how_2007,Layout Stability,Quantitative,Error Rate,Node-Link,How Important Is the “Mental Map”? – An Empirical Investigation of a Dynamic Graph Layout Algorithm,20,Yes,No,In which year did [page name] become accessible through only one other page?,Topology,Accessibility,15-30,3,14-20
huang_layout_2006,Edge Crossings,Quantitative,Error Rate,Node-Link,Layout Effects on Sociogram Perception,23,No,No,Find 3 most important actors and rate them according to their importance levels,Overview,Overview,23,2,14
huang_layout_2006,Edge Crossings,Quantitative,Task Time,Node-Link,Layout Effects on Sociogram Perception,23,No,No,"Determine how many groups are in the network, and separate the 4 highlighted actors according to their group membership, given the condition that one actor should not belong to more than one group, and one group should not include only one actor",Topology,Find Connected Components,23,2,14
huang_layout_2006,Edge Crossings,Quantitative,Error Rate,Node-Link,Layout Effects on Sociogram Perception,23,No,No,"Determine how many groups are in the network, and separate the 4 highlighted actors according to their group membership, given the condition that one actor should not belong to more than one group, and one group should not include only one actor",Topology,Find Connected Components,23,2,14
purchase_validating_1996,Edge Crossings,Quantitative,Error Rate,Node-Link,Validating graph drawing aesthetics,,Yes,Yes,How long is the shortest path between two given nodes?,Topology,Find Shortest Path,18-28,2,16
purchase_validating_1996,Symmetry,Quantitative,Error Rate,Node-Link,Validating graph drawing aesthetics,,Yes,No,How long is the shortest path between two given nodes?,Topology,Find Shortest Path,18-28,2,16
purchase_validating_1996,Edge Bends,Quantitative,Error Rate,Node-Link,Validating graph drawing aesthetics,,Yes,Yes,What is the minimum number of nodes that must be removed in order to disconnect two given nodes such that there is no path between them?,Topology,Accessibility,18-28,2,16
purchase_validating_1996,Edge Bends,Quantitative,Error Rate,Node-Link,Validating graph drawing aesthetics,,Yes,Yes,What is the minimum number of arcs that must be removed in order to disconnect two given nodes such that there is no path between them?,Topology,Accessibility,18-28,2,16
purchase_validating_1996,Edge Crossings,Quantitative,Error Rate,Node-Link,Validating graph drawing aesthetics,,Yes,Yes,What is the minimum number of nodes that must be removed in order to disconnect two given nodes such that there is no path between them?,Topology,Accessibility,18-28,2,16
purchase_validating_1996,Edge Crossings,Quantitative,Error Rate,Node-Link,Validating graph drawing aesthetics,,Yes,Yes,"What is the minimum number of arcs that must be removed in order to
disconnect two given nodes such that there is no path between them?",Topology,Accessibility,18-28,2,16
purchase_validating_1996,Symmetry,Quantitative,Error Rate,Node-Link,Validating graph drawing aesthetics,,Yes,No,What is the minimum number of nodes that must be removed in order to disconnect two given nodes such that there is no path between them?,Topology,Accessibility,18-28,2,16
purchase_validating_1996,Symmetry,Quantitative,Error Rate,Node-Link,Validating graph drawing aesthetics,,Yes,No,"What is the minimum number of arcs that must be removed in order to
disconnect two given nodes such that there is no path between them?",Topology,Accessibility,18-28,2,16
huang_graph_2009,Edge Flow,Quantitative,Task Time,Node-Link,A graph reading behavior: Geodesic-path tendency,33,Yes,Yes,"In our experiments, the task of finding a shortest path between
two nodes is adopted.",Topology,Find Shortest Path,,,
huang_evaluating_2016,"Angular Resolution, Crossing Resolution, Edge Crossings, Edge Length",Quantitative,Task Time,Node-Link,Evaluating Overall Quality of Dynamic Network Visualizations,,Yes,Yes,Path Finding Task,Topology,Find Shortest Path,,,15-50
huang_evaluating_2016,"Angular Resolution, Crossing Resolution, Edge Crossings, Edge Length",Quantitative,Effort,Node-Link,Evaluating Overall Quality of Dynamic Network Visualizations,,Yes,Yes,Path Finding Task,Topology,Find Shortest Path,,,15-50
huang_evaluating_2016,"Angular Resolution, Crossing Resolution, Edge Crossings, Edge Length",Quantitative,Efficiency,Node-Link,Evaluating Overall Quality of Dynamic Network Visualizations,,Yes,Yes,Path Finding Task,Topology,Find Shortest Path,,,15-50
huang_establishing_2013,Crossing Resolution,Quantitative,Error Rate,Node-Link,Establishing aesthetics based on human graph reading behavior: two eye tracking studies,16,Yes,Yes,Node task: find the most connected node (the node that has most incident edges),Topology,Adjacency,32-43,2,20-32
huang_establishing_2013,Crossing Resolution,Quantitative,Error Rate,Node-Link,Establishing aesthetics based on human graph reading behavior: two eye tracking studies,16,Yes,Yes,Path task: find the shortest path between nodes 1 and 2. Nodes 1 and 2 were highlighted,Topology,Find Shortest Path,32-43,2,20-32
huang_establishing_2013,Crossing Resolution,Quantitative,Error Rate,Node-Link,Establishing aesthetics based on human graph reading behavior: two eye tracking studies,16,Yes,Yes,Node+Path task: find the shortest path between nodes 1 and 2. Nodes 1 and 2 were not highlighted.,Topology,Find Shortest Path,32-43,2,20-32
huang_establishing_2013,Crossing Resolution,Quantitative,Task Time,Node-Link,Establishing aesthetics based on human graph reading behavior: two eye tracking studies,16,Yes,Yes,Node task: find the most connected node (the node that has most incident edges),Topology,Adjacency,32-43,2,20-32
huang_establishing_2013,Crossing Resolution,Quantitative,Task Time,Node-Link,Establishing aesthetics based on human graph reading behavior: two eye tracking studies,16,Yes,Yes,Path task: find the shortest path between nodes 1 and 2. Nodes 1 and 2 were highlighted,Topology,Find Shortest Path,32-43,2,20-32
huang_establishing_2013,Crossing Resolution,Quantitative,Task Time,Node-Link,Establishing aesthetics based on human graph reading behavior: two eye tracking studies,16,Yes,Yes,Node+Path task: find the shortest path between nodes 1 and 2. Nodes 1 and 2 were not highlighted.,Topology,Find Shortest Path,32-43,2,20-32
purchase_extremes_2008,Layout Stability,Quantitative,Error Rate,Node-Link,Extremes Are Better: Investigating Mental Map Preservation in Dynamic Graphs,30,Yes,No,"Which student was called the least (overall) during the 6 week term? This is the node with the lowest overall degree over all timeslices, excluding those students who were not called at all.",Topology,Adjacency,30,3,20
purchase_extremes_2008,Layout Stability,Quantitative,Task Time,Node-Link,Extremes Are Better: Investigating Mental Map Preservation in Dynamic Graphs,30,Yes,Yes,"Which student’s phone was disconnected during 1 of the 6 weeks? In each case, there was only one node that had a degree 0 in only one of the timeslices.",Topology,Adjacency,30,3,20
purchase_extremes_2008,Layout Stability,Quantitative,Error Rate,Node-Link,Extremes Are Better: Investigating Mental Map Preservation in Dynamic Graphs,30,Yes,No,"Which student’s phone was disconnected during 1 of the 6 weeks? In each case, there was only one node that had a degree 0 in only one of the timeslices.",Topology,Adjacency,30,3,20
purchase_extremes_2008,Layout Stability,Quantitative,Task Time,Node-Link,Extremes Are Better: Investigating Mental Map Preservation in Dynamic Graphs,30,Yes,Yes,Which student was called the most (overall) during the 6 week term? This was the node with the highest overall degree over all timeslices.,Topology,Adjacency,30,3,20
purchase_extremes_2008,Layout Stability,Quantitative,Error Rate,Node-Link,Extremes Are Better: Investigating Mental Map Preservation in Dynamic Graphs,30,Yes,No,Which student was called the most (overall) during the 6 week term? This was the node with the highest overall degree over all timeslices.,Topology,Adjacency,30,3,20
purchase_empirical_2002,Edge Bends,Quantitative,Error Rate,Node-Link,Empirical Evaluation of Aesthetics-based Graph Layout,,Yes,Yes,What is the minimum number of nodes that must be removed in order to disconnect two given nodes such that there is no path between them?,Topology,Accessibility,,1,
purchase_empirical_2002,Edge Bends,Quantitative,Error Rate,Node-Link,Empirical Evaluation of Aesthetics-based Graph Layout,,Yes,Yes,What is the minimum number of edges that must be removed in order to disconnect two given nodes such that there is no path between them?,Topology,Accessibility,,1,
purchase_empirical_2002,Edge Bends,Quantitative,Task Time,Node-Link,Empirical Evaluation of Aesthetics-based Graph Layout,,Yes,No,How long is the shortest path between two given nodes?,Topology,Find Shortest Path,,,
purchase_empirical_2002,Edge Bends,Quantitative,Task Time,Node-Link,Empirical Evaluation of Aesthetics-based Graph Layout,,Yes,No,What is the minimum number of nodes that must be removed in order to disconnect two given nodes such that there is no path between them?,Topology,Accessibility,,1,
purchase_empirical_2002,Edge Crossings,Quantitative,Error Rate,Node-Link,Empirical Evaluation of Aesthetics-based Graph Layout,,Yes,Yes,What is the minimum number of nodes that must be removed in order to disconnect two given nodes such that there is no path between them?,Topology,Accessibility,,1,
purchase_empirical_2002,Angular Resolution,Quantitative,Error Rate,Node-Link,Empirical Evaluation of Aesthetics-based Graph Layout,,Yes,No,What is the minimum number of nodes that must be removed in order to disconnect two given nodes such that there is no path between them?,Topology,Accessibility,,1,
purchase_empirical_2002,"Edge Orthogonality, Node Orthogonality",Quantitative,Error Rate,Node-Link,Empirical Evaluation of Aesthetics-based Graph Layout,,Yes,No,What is the minimum number of nodes that must be removed in order to disconnect two given nodes such that there is no path between them?,Topology,Accessibility,,1,
purchase_empirical_2002,Symmetry,Quantitative,Error Rate,Node-Link,Empirical Evaluation of Aesthetics-based Graph Layout,,Yes,No,What is the minimum number of nodes that must be removed in order to disconnect two given nodes such that there is no path between them?,Topology,Accessibility,,1,
purchase_empirical_2002,Edge Crossings,Quantitative,Task Time,Node-Link,Empirical Evaluation of Aesthetics-based Graph Layout,,Yes,Yes,What is the minimum number of nodes that must be removed in order to disconnect two given nodes such that there is no path between them?,Topology,Accessibility,,1,
purchase_empirical_2002,Angular Resolution,Quantitative,Task Time,Node-Link,Empirical Evaluation of Aesthetics-based Graph Layout,,Yes,No,What is the minimum number of nodes that must be removed in order to disconnect two given nodes such that there is no path between them?,Topology,Accessibility,,1,
purchase_empirical_2002,"Edge Orthogonality, Node Orthogonality",Quantitative,Task Time,Node-Link,Empirical Evaluation of Aesthetics-based Graph Layout,,Yes,No,What is the minimum number of nodes that must be removed in order to disconnect two given nodes such that there is no path between them?,Topology,Accessibility,,1,
purchase_empirical_2002,Symmetry,Quantitative,Task Time,Node-Link,Empirical Evaluation of Aesthetics-based Graph Layout,,Yes,Yes,What is the minimum number of nodes that must be removed in order to disconnect two given nodes such that there is no path between them?,Topology,Accessibility,,1,
purchase_empirical_2002,Edge Bends,Quantitative,Task Time,Node-Link,Empirical Evaluation of Aesthetics-based Graph Layout,,Yes,No,What is the minimum number of edges that must be removed in order to disconnect two given nodes such that there is no path between them?,Topology,Accessibility,,1,
purchase_empirical_2002,Edge Crossings,Quantitative,Error Rate,Node-Link,Empirical Evaluation of Aesthetics-based Graph Layout,,Yes,Yes,What is the minimum number of edges that must be removed in order to disconnect two given nodes such that there is no path between them?,Topology,Accessibility,,1,
purchase_empirical_2002,Angular Resolution,Quantitative,Error Rate,Node-Link,Empirical Evaluation of Aesthetics-based Graph Layout,,Yes,No,What is the minimum number of edges that must be removed in order to disconnect two given nodes such that there is no path between them?,Topology,Accessibility,,1,
purchase_empirical_2002,"Edge Orthogonality, Node Orthogonality",Quantitative,Error Rate,Node-Link,Empirical Evaluation of Aesthetics-based Graph Layout,,Yes,No,What is the minimum number of edges that must be removed in order to disconnect two given nodes such that there is no path between them?,Topology,Accessibility,,1,
purchase_empirical_2002,Symmetry,Quantitative,Error Rate,Node-Link,Empirical Evaluation of Aesthetics-based Graph Layout,,Yes,No,What is the minimum number of edges that must be removed in order to disconnect two given nodes such that there is no path between them?,Topology,Accessibility,,1,
purchase_empirical_2002,Edge Crossings,Quantitative,Task Time,Node-Link,Empirical Evaluation of Aesthetics-based Graph Layout,,Yes,Yes,What is the minimum number of edges that must be removed in order to disconnect two given nodes such that there is no path between them?,Topology,Accessibility,,1,
purchase_empirical_2002,Angular Resolution,Quantitative,Task Time,Node-Link,Empirical Evaluation of Aesthetics-based Graph Layout,,Yes,No,What is the minimum number of edges that must be removed in order to disconnect two given nodes such that there is no path between them?,Topology,Accessibility,,1,
purchase_empirical_2002,"Edge Orthogonality, Node Orthogonality",Quantitative,Task Time,Node-Link,Empirical Evaluation of Aesthetics-based Graph Layout,,Yes,No,What is the minimum number of edges that must be removed in order to disconnect two given nodes such that there is no path between them?,Topology,Accessibility,,1,
purchase_empirical_2002,Symmetry,Quantitative,Task Time,Node-Link,Empirical Evaluation of Aesthetics-based Graph Layout,,Yes,Yes,What is the minimum number of edges that must be removed in order to disconnect two given nodes such that there is no path between them?,Topology,Accessibility,,1,
"purchase_empirical_2002 ",Edge Crossings,Quantitative,Error Rate,Node-Link,Empirical Evaluation of Aesthetics-based Graph Layout,,Yes,Yes,How long is the shortest path between two given nodes?,Topology,Find Shortest Path,,,
purchase_empirical_2002,Angular Resolution,Quantitative,Error Rate,Node-Link,Empirical Evaluation of Aesthetics-based Graph Layout,,Yes,No,How long is the shortest path between two given nodes?,Topology,Find Shortest Path,,,
purchase_empirical_2002,"Edge Orthogonality, Node Orthogonality",Quantitative,Error Rate,Node-Link,Empirical Evaluation of Aesthetics-based Graph Layout,,Yes,No,How long is the shortest path between two given nodes?,Topology,Find Shortest Path,,,
purchase_empirical_2002,Symmetry,Quantitative,Error Rate,Node-Link,Empirical Evaluation of Aesthetics-based Graph Layout,,Yes,No,How long is the shortest path between two given nodes?,Topology,Find Shortest Path,,,
purchase_empirical_2002,Edge Crossings,Quantitative,Task Time,Node-Link,Empirical Evaluation of Aesthetics-based Graph Layout,,Yes,Yes,How long is the shortest path between two given nodes?,Topology,Find Shortest Path,,,
purchase_empirical_2002,Angular Resolution,Quantitative,Task Time,Node-Link,Empirical Evaluation of Aesthetics-based Graph Layout,,Yes,No,How long is the shortest path between two given nodes?,Topology,Find Shortest Path,,,
purchase_empirical_2002,"Edge Orthogonality, Node Orthogonality",Quantitative,Task Time,Node-Link,Empirical Evaluation of Aesthetics-based Graph Layout,,Yes,No,How long is the shortest path between two given nodes?,Topology,Find Shortest Path,,,
"purchase_empirical_2002 ",Symmetry,Quantitative,Task Time,Node-Link,Empirical Evaluation of Aesthetics-based Graph Layout,,Yes,Yes,How long is the shortest path between two given nodes?,Topology,Find Shortest Path,,,
ware_cognitive_2002,Edge Crossings,Quantitative,Task Time,Node-Link,Cognitive Measurements of Graph Aesthetics,43,Yes,Yes,Find the shortest path between the two highlighted nodes.,Topology,Find Shortest Path,,,
ware_cognitive_2002,Edge Flow,Quantitative,Task Time,Node-Link,Cognitive Measurements of Graph Aesthetics,43,Yes,Yes,Find the shortest path between the two highlighted nodes.,Topology,Find Shortest Path,,,
ware_cognitive_2002,Edge Length,Quantitative,Task Time,Node-Link,Cognitive Measurements of Graph Aesthetics,43,Yes,No,Find the shortest path between the two highlighted nodes.,Topology,Find Shortest Path,,,
dwyer_edge_2013,Edge Crossings,Quantitative,Task Time,Node-Link,Edge Compression Techniques for Visualization of Dense Directed Graphs,14,Yes,Yes,Participants had to count the smallest number of links to go from a node labeled “Start” to a node labeled “End”. Path length varied up to 4 links. In some cases no path existed,Topology,Find Shortest Path,,3,
"binucci_partial_2016 ",Edge Crossings,Quantitative,Task Accuracy,Node-Link,Partial edge drawing: Homogeneity is more important than crossings and ink,34,Yes,Yes,Is there a path with exactly two edges between the green vertex and the red vertex?,Topology,Find Shortest Path,,,
binucci_partial_2016,Edge Crossings,Quantitative,Task Accuracy,Node-Link,Partial edge drawing: Homogeneity is more important than crossings and ink,34,Yes,No,Is the red vertex the farthest neighbour of the green vertex?,Topology,Find Shortest Path,,,
binucci_partial_2016,Edge Crossings,Quantitative,Task Accuracy,Node-Link,Partial edge drawing: Homogeneity is more important than crossings and ink,34,Yes,Yes,Is the red vertex the nearest neighbour of the green vertex?,Topology,Find Shortest Path,,,
binucci_partial_2016,Edge Crossings,Quantitative,Task Time,Node-Link,Partial edge drawing: Homogeneity is more important than crossings and ink,34,Yes,No,Are the green vertex and the red vertex connected by an edge?,Topology,Accessibility,,,
binucci_partial_2016,Edge Crossings,Quantitative,Task Time,Node-Link,Partial edge drawing: Homogeneity is more important than crossings and ink,34,Yes,No,Is there a path with exactly two edges between the green vertex and the red vertex?,Topology,Find Shortest Path,,,
binucci_partial_2016,Edge Crossings,Quantitative,Task Time,Node-Link,Partial edge drawing: Homogeneity is more important than crossings and ink,34,Yes,Yes,Is the red vertex the farthest neighbour of the green vertex?,Topology,Find Shortest Path,,,
binucci_partial_2016,Edge Crossings,Quantitative,Task Time,Node-Link,Partial edge drawing: Homogeneity is more important than crossings and ink,34,Yes,Yes,Is the red vertex the nearest neighbour of the green vertex?,Topology,Find Shortest Path,,,
archambault_mental_2012,Layout Stability,Quantitative,Task Accuracy,Node-Link,The mental map and memorability in dynamic graphs,25,Yes,No,Is this graph exactly the same as one of the graphs presented in the memorization phase?,Overview,Overview,,3,
xu_user_2012,Edge Bends,Quantitative,Task Time,Node-Link,A User Study on Curved Edges in Graph Visualization,,Yes,No,Shortest path length (LENG): to find the length of the shortest path between two randomly selected nodes.,Topology,Find Shortest Path,,10,20-100
xu_user_2012,Edge Bends,Quantitative,Task Time,Node-Link,A User Study on Curved Edges in Graph Visualization,,Yes,No,Connection number (CONN): to find the number of edges connected to a randomly selected node.,Topology,Adjacency,,10,20-100
xu_user_2012,Edge Bends,Quantitative,Task Time,Node-Link,A User Study on Curved Edges in Graph Visualization,,Yes,No,Common neighbors (NEIG): to find the number of nodes connected to two selected nodes.,Topology,Common Connection,,10,20-100
xu_user_2012,Edge Bends,Quantitative,Task Accuracy,Node-Link,A User Study on Curved Edges in Graph Visualization,,Yes,Yes,Path of length two (PATH): to decide if there is a path of length two connecting the two randomly selected nodes (same as the first experiment).,Topology,Find Shortest Path,,10,20-100
xu_user_2012,Edge Bends,Quantitative,Task Accuracy,Node-Link,A User Study on Curved Edges in Graph Visualization,,Yes,No,Shortest path length (LENG): to find the length of the shortest path between two randomly selected nodes.,Topology,Find Shortest Path,,10,20-100
xu_user_2012,Edge Bends,Quantitative,Task Accuracy,Node-Link,A User Study on Curved Edges in Graph Visualization,,Yes,No,Connection number (CONN): to find the number of edges connected to a randomly selected node.,Topology,Adjacency,,10,20-100
xu_user_2012,Edge Bends,Quantitative,Task Accuracy,Node-Link,A User Study on Curved Edges in Graph Visualization,,Yes,Yes,Common neighbors (NEIG): to find the number of nodes connected to two selected nodes.,Topology,Common Connection,,10,20-100
sathiyanarayanan_social_2017,Edge Crossings,Quantitative,Task Time,Node-Link,Social network visualization: Does partial edges affect user comprehension?,20,Yes,No,How many people interested in COMPUTERS are directly connected to someone who is not interested in COMPUTERS?,Topology,Common Connection,,,
sathiyanarayanan_social_2017,Edge Crossings,Quantitative,Error Rate,Node-Link,Social network visualization: Does partial edges affect user comprehension?,20,Yes,No,How many direct connections are there between people interested in BUSINESS and people not interested in BUSINESS?,Topology,Adjacency,,,
sathiyanarayanan_social_2017,Edge Crossings,Quantitative,Error Rate,Node-Link,Social network visualization: Does partial edges affect user comprehension?,20,Yes,No,How many subjects include someone who is directly connected to someone interested in SCIENCE?,Overview,Overview,,,
sathiyanarayanan_social_2017,Edge Crossings,Quantitative,Task Time,Node-Link,Social network visualization: Does partial edges affect user comprehension?,20,Yes,No,How many direct connections are there between people interested in BUSINESS and people not interested in BUSINESS?,Topology,Adjacency,,,
sathiyanarayanan_social_2017,Edge Crossings,Quantitative,Task Time,Node-Link,Social network visualization: Does partial edges affect user comprehension?,20,Yes,No,How many subjects include someone who is directly connected to someone interested in SCIENCE?,Overview,Overview,,,
huang_effects_2016,Edge Bends,Quantitative,Task Accuracy,Node-Link,Effects of curves on graph perception,26,Yes,Yes,ShortestPath: what is the length of the shortest path between two highlighted nodes?,Topology,Find Shortest Path,,4,20-50
huang_effects_2016,Edge Bends,Quantitative,Task Time,Node-Link,Effects of curves on graph perception,26,Yes,No,CommonNeighbour: How many common neighbors do the two highlighted nodes have?,Topology,Common Connection,,4,20-50
huang_effects_2016,Edge Bends,Quantitative,Task Time,Node-Link,Effects of curves on graph perception,26,Yes,No,Degree: which of the three highlighted nodes has the largest degree?,Topology,Adjacency,,4,20-50
huang_effects_2016,Edge Bends,Quantitative,Task Accuracy,Node-Link,Effects of curves on graph perception,26,Yes,Yes,CommonNeighbour: How many common neighbors do the two highlighted nodes have?,Topology,Common Connection,,4,20-50
huang_effects_2016,Edge Bends,Quantitative,Task Accuracy,Node-Link,Effects of curves on graph perception,26,Yes,Yes,Degree: which of the three highlighted nodes has the largest degree?,Topology,Adjacency,,4,20-50
huang_improving_2010,"Angular Resolution, Crossing Resolution, Edge Crossings, Edge Length",Quantitative,Task Time,Node-Link,Improving Force-Directed Graph Drawings by Making Compromises Between Aesthetics,43,Yes,Yes,,Topology,Find Shortest Path,,,
huang_improving_2010,"Angular Resolution, Crossing Resolution, Edge Crossings, Edge Length",Quantitative,Cognitive Load,Node-Link,Improving Force-Directed Graph Drawings by Making Compromises Between Aesthetics,43,Yes,Yes,,Topology,Find Shortest Path,,,
huang_using_2007,"Edge Crossings, Edge Flow",Quantitative,Error Rate,Node-Link,Using eye tracking to investigate graph layout effects,16,No,No,Path task: find the shortest path between nodes 1 and 2. Nodes 1 and 2 were highlighted.,Topology,Find Shortest Path,32-43,2,20-32
huang_using_2007,Crossing Resolution,Quantitative,Error Rate,Node-Link,Using eye tracking to investigate graph layout effects,16,No,No,Node+Path task: find the shortest path between nodes 1 and 2. Nodes 1 and 2 were not highlighted.,Topology,Find Shortest Path,32-43,2,20-32
huang_using_2007,Crossing Resolution,Quantitative,Error Rate,Node-Link,Using eye tracking to investigate graph layout effects,16,No,No,Node task: find the most connected node.,Topology,Adjacency,32-43,2,20-32
huang_using_2007,Crossing Resolution,Quantitative,Task Time,Node-Link,Using eye tracking to investigate graph layout effects,16,Yes,Yes,Path task: find the shortest path between nodes 1 and 2. Nodes 1 and 2 were highlighted.,Topology,Find Shortest Path,32-43,2,20-32
huang_using_2007,Crossing Resolution,Quantitative,Task Time,Node-Link,Using eye tracking to investigate graph layout effects,16,Yes,Yes,Node+Path task: find the shortest path between nodes 1 and 2. Nodes 1 and 2 were not highlighted.,Topology,Find Shortest Path,32-43,2,20-32
huang_using_2007,Crossing Resolution,Quantitative,Task Time,Node-Link,Using eye tracking to investigate graph layout effects,16,Yes,Yes,Node task: find the most connected node.,Topology,Adjacency,32-43,2,20-32
huang_using_2007,"Edge Crossings, Edge Flow",Quantitative,Task Time,Node-Link,Using eye tracking to investigate graph layout effects,16,Yes,No,Path task: find the shortest path between nodes 1 and 2. Nodes 1 and 2 were highlighted.,Topology,Find Shortest Path,32-43,2,20-32
huang_using_2007,"Edge Crossings, Edge Flow",Quantitative,Error Rate,Node-Link,Using eye tracking to investigate graph layout effects,16,No,No,Node+Path task: find the shortest path between nodes 1 and 2. Nodes 1 and 2 were not highlighted.,Topology,Find Shortest Path,32-43,2,20-32
huang_using_2007,"Edge Crossings, Edge Flow",Quantitative,Task Time,Node-Link,Using eye tracking to investigate graph layout effects,16,Yes,Yes,Node+Path task: find the shortest path between nodes 1 and 2. Nodes 1 and 2 were not highlighted.,Topology,Find Shortest Path,32-43,2,20-32
huang_using_2007,"Edge Crossings, Edge Flow",Quantitative,Error Rate,Node-Link,Using eye tracking to investigate graph layout effects,16,No,No,Node task: find the most connected node.,Topology,Adjacency,32-43,2,20-32
huang_using_2007 (6),"Edge Crossings, Edge Flow",Quantitative,Task Time,Node-Link,Using eye tracking to investigate graph layout effects,16,Yes,No,Node task: find the most connected node.,Topology,Adjacency,32-43,2,20-32
purchase_experimental_1997,Edge Crossings,Quantitative,Error Rate,Node-Link,An experimental study of the basis for graph drawing algorithms,49,Yes,Yes,How long is the shortest path between two given nodes?,Topology,Find Shortest Path,21-32,2,20
purchase_experimental_1997,Symmetry,Quantitative,Error Rate,Node-Link,An experimental study of the basis for graph drawing algorithms,49,Yes,No,How long is the shortest path between two given nodes?,Topology,Find Shortest Path,21-32,2,20
purchase_experimental_1997,Edge Bends,Quantitative,Error Rate,Node-Link,An experimental study of the basis for graph drawing algorithms,49,Yes,Yes,What is the minimum number of nodes that must be removed in order to disconnect two given nodes such that there is no path between them?,Topology,Find Connected Components,21-32,2,20
purchase_experimental_1997,Edge Bends,Quantitative,Error Rate,Node-Link,An experimental study of the basis for graph drawing algorithms,49,Yes,Yes,What is the minimum number of arcs that must be removed in order to disconnect two given nodes that there is no path between them?,Topology,Find Connected Components,21-32,2,20
"purchase_experimental_1997 ",Edge Crossings,Quantitative,Error Rate,Node-Link,An experimental study of the basis for graph drawing algorithms,49,Yes,Yes,What is the minimum number of nodes that must be removed in order to disconnect two given nodes such that there is no path between them?,Topology,Find Connected Components,21-32,2,20
purchase_experimental_1997,Edge Crossings,Quantitative,Error Rate,Node-Link,An experimental study of the basis for graph drawing algorithms,49,Yes,Yes,What is the minimum number of arcs that must be removed in order to disconnect two given nodes that there is no path between them?,Topology,Find Connected Components,21-32,2,20
purchase_experimental_1997,Symmetry,Quantitative,Error Rate,Node-Link,An experimental study of the basis for graph drawing algorithms,49,Yes,No,What is the minimum number of nodes that must be removed in order to disconnect two given nodes such that there is no path between them?,Topology,Find Connected Components,21-32,2,20
purchase_experimental_1997,Symmetry,Quantitative,Error Rate,Node-Link,An experimental study of the basis for graph drawing algorithms,49,Yes,No,What is the minimum number of arcs that must be removed in order to disconnect two given nodes that there is no path between them?,Topology,Find Connected Components,21-32,2,20
huang_exploring_2010,Edge Crossings,Quantitative,Error Rate,Node-Link,Exploring the relative importance of crossing number and crossing angle,32,Yes,Yes,,Topology,Find Shortest Path,,200,10-50
huang_exploring_2010,Edge Crossings,Quantitative,Cognitive Load,Node-Link,Exploring the relative importance of crossing number and crossing angle,32,Yes,Yes,,Topology,Find Shortest Path,,200,10-50
huang_exploring_2010,Edge Crossings,Quantitative,Efficiency,Node-Link,Exploring the relative importance of crossing number and crossing angle,32,Yes,Yes,,Topology,Find Shortest Path,,200,10-50
huang_exploring_2010,Crossing Resolution,Quantitative,Task Time,Node-Link,Exploring the relative importance of crossing number and crossing angle,32,Yes,Yes,,Topology,Find Shortest Path,,200,10-50
huang_exploring_2010,Crossing Resolution,Quantitative,Error Rate,Node-Link,Exploring the relative importance of crossing number and crossing angle,32,Yes,Yes,,Topology,Find Shortest Path,,200,10-50
huang_exploring_2010,Crossing Resolution,Quantitative,Cognitive Load,Node-Link,Exploring the relative importance of crossing number and crossing angle,32,Yes,Yes,,Topology,Find Shortest Path,,200,10-50
huang_exploring_2010,Crossing Resolution,Quantitative,Efficiency,Node-Link,Exploring the relative importance of crossing number and crossing angle,32,Yes,Yes,,Topology,Find Shortest Path,,200,10-50